sigle,dialect,period,corpus
M001,wmd,12_2,ReM
M002,wmd,12_2,ReM
M003,omd_ofrk,12_2,ReM
M004,bair,12_2,ReM
M005,thurhess,12_2,ReM
M006,omd_ofrk,12_2,ReM
M007,wmd,13_1,ReM
M008,thurhess,13_1,ReM
M009,bair,12_2,ReM
M010,obd,11-12_1,ReM
M011,wmd,12_2,ReM
M012,bair,13_2,ReM
M013B,wmd,12_2,ReM
M013O,wmd,12_2,ReM
M014,bair,12_2,ReM
M015,wmd,12_2,ReM
M016,bair,12_2,ReM
M017,alem,12_2,ReM
M018,bair,13_1,ReM
M019,obd,11-12_1,ReM
M020,obd,12_2,ReM
M021,bair,12_2,ReM
M022,bair,12_2,ReM
M023,bair,12_2,ReM
M024,bair,12_2,ReM
M026,bair,13_1,ReM
M027,bair,12_2,ReM
M028,bair,12_2,ReM
M029,obd,12_2,ReM
M030,bairalem,13_1,ReM
M031,bairalem,13_1,ReM
M032,wmd,12_2,ReM
M033,omd_ofrk,12_2,ReM
M034,obd,12_2,ReM
M035,obd,11-12_1,ReM
M036,rhfrhess,11-12_1,ReM
M037,obd,11-12_1,ReM
M038,alem,13_1,ReM
M040,obd,11-12_1,ReM
M041,obd,11-12_1,ReM
M044,bair,12_2,ReM
M045,wmd,13_1,ReM
M046,omd,14_1,ReM
M047,bair,12_2,ReM
M048M,obd,11-12_1,ReM
M048P,rhfrhess,11-12_1,ReM
M049,obd,11-12_1,ReM
M050,obd,11-12_1,ReM
M051,alem,12_2,ReM
M052,wmd,12_2,ReM
M053,wmd,12_2,ReM
M054,wmd,12_2,ReM
M055,alem,12_2,ReM
M056,obd,11-12_1,ReM
M057,wmd,12_2,ReM
M058,bair,13_1,ReM
M059,obd,13_1,ReM
M060,alem,12_2,ReM
M061B,bairalem,12_2,ReM
M061W,bair,13_1,ReM
M062,bair,12_2,ReM
M063,obd,12_2,ReM
M064M,mdnd,12-13_1,ReM
M064R,bairalem,13_1,ReM
M064S,mdnd,12-13_1,ReM
M065,alem,12_2,ReM
M066,md,13_2,ReM
M067,bairalem,12_2,ReM
M068,bair,12_2,ReM
M069,obd,11_2-12_1,ReM
M070,wmd,12_2,ReM
M071U,bair,13_1,ReM
M071W,bair,13_1,ReM
M072,bair,12_2,ReM
M073,wmd,13_1,ReM
M074,bair,12_2,ReM
M075,obd,11-12_1,ReM
M076A,wmd,13_1,ReM
M076B,wmd,13_1,ReM
M077,alem,12_2,ReM
M078,alem,12_2,ReM
M079,bair,12_1,ReM
M080,obd,11-12_1,ReM
M081A,bair,13_1,ReM
M081B,bair,13_1,ReM
M082,wmd,13_1,ReM
M083,alem,12_2,ReM
M084A,obd,12_2,ReM
M084B,obd,12_2,ReM
M084E,obd,13_1,ReM
M084L,obd,13_1,ReM
M084M,obd,12_2,ReM
M085,obd,11-12_1,ReM
M086,obd,11-12_1,ReM
M087,bair,12_2,ReM
M088,bair,12_2,ReM
M089,obd,11_2-12_1,ReM
M090,bairalem,12_2,ReM
M091,obd,11-12_1,ReM
M092,bairalem,12_2,ReM
M093,obd,11-12_1,ReM
M094,obd,11-12_1,ReM
M095,obd,11-12_1,ReM
M096,bair,12_2,ReM
M097,obd,11-12_1,ReM
M098,bair,12_2,ReM
M099,bair,12_2,ReM
M100,thurhess,13_1,ReM
M101,bair,12_2,ReM
M102,obd,13_1,ReM
M103,thurhess,13_1,ReM
M104,obd,11-12_1,ReM
M105,alem,12_2,ReM
M106,alem,13_1,ReM
M107G,bair,12_2,ReM
M107S,thurhess,13_1,ReM
M108M,wmd,13_1,ReM
M108P,wmd,13_1,ReM
M108S,md,13_2,ReM
M109,obd,11_2-12_1,ReM
M110,bair,12_2,ReM
M111,bair,12_2,ReM
M112,bair,13_1,ReM
M113,alem,13_1,ReM
M113Y,alem,13_1,ReM
M114,wmd,13_1,ReM
M115,obd,11-12_1,ReM
M116,bair,12_2,ReM
M117,omd_ofrk,12_2,ReM
M118,wmd,13_1,ReM
M119,bair,12_2,ReM
M120,wmd,13_1,ReM
M121F,bair,12_2,ReM
M121G,bair,12_2,ReM
M121K,bair,12_2,ReM
M121N,alem,13_1,ReM
M121S,bair,13_1,ReM
M121V,bair,12_2,ReM
M121W,bair,13_1,ReM
M121Y,bair,12_2,ReM
M122,bair,13_1,ReM
M123,bair,12_2,ReM
M124,alem,12_2,ReM
M125,bair,12_2,ReM
M126,obd,11-12_1,ReM
M127,obd,12_2,ReM
M128,rhfrhess,11-12_1,ReM
M129,wmd,12_2,ReM
M130,wmd,12_2,ReM
M131,bair,12_2,ReM
M132G,alem,13_1,ReM
M132W,bair,13_1,ReM
M133,wmd,12_2,ReM
M134,obd,13_1,ReM
M135,md,13_2,ReM
M136,wmd,12_2,ReM
M137,obd,11-12_1,ReM
M138,bair,12_2,ReM
M139,bair,13_1,ReM
M140,alem,12_2,ReM
M140B,alem,12_2,ReM
M140C,alem,13_1,ReM
M140D,bairalem,13_1,ReM
M141,bair,13_1,ReM
M142,obd,11_2-12_1,ReM
M143,obd,11_2-12_1,ReM
M144,alem,13_1,ReM
M145,bair,12_2,ReM
M146,bairalem,12_2,ReM
M147,bair,13_1,ReM
M148,mfrk,13_2,ReM
M149,bair,12_2,ReM
M150,obd,11-12_1,ReM
M151,bairalem,13_1,ReM
M152,obd,11_2-12_1,ReM
M153,rhfrhess,11-12_1,ReM
M154,bair,12_2,ReM
M155,obd,11-12_1,ReM
M156,bair,13_1,ReM
M157,bair,12_2,ReM
M158,thurhess,13_1,ReM
M159,obd,11-12_1,ReM
M160H,bair,13_1,ReM
M160M,bair,12_2,ReM
M160P,bair,13_1,ReM
M160R,bair,13_1,ReM
M161,bair,13_2,ReM
M163B,alem,12_2,ReM
M163K,bair,12_2,ReM
M165,bairalem,13_1,ReM
M167,thurhess,13_1,ReM
M168,bair,13_1,ReM
M171,alem,12_2,ReM
M172,obd,13_1,ReM
M173,bairalem,12_2,ReM
M174,bair,12_2,ReM
M177,thurhess,12_2,ReM
M178,bair,12_2,ReM
M182A,obd,11-12_1,ReM
M182B,obd,11-12_1,ReM
M182C,obd,11-12_1,ReM
M185,bair,13_1,ReM
M186,rhfrhess,11-12_1,ReM
M187,mdnd,12-13_1,ReM
M188,wmd,12_2,ReM
M188Y,wmd,12_2,ReM
M189,mdnd,12-13_1,ReM
M191,omd_ofrk,12_2,ReM
M192,obd,13_1,ReM
M193,bair,12_2,ReM
M194,bair,13_1,ReM
M195,bair,12_2,ReM
M195Y,bair,12_2,ReM
M196,bairalem,13_1,ReM
M197,obd,11-12_1,ReM
M198,bair,13_1,ReM
M199A,wmd,12_2,ReM
M199B,obd,12_2,ReM
M199C,omd_ofrk,12_2,ReM
M200,omd_ofrk,12_2,ReM
M201,md,13_2,ReM
M202,bair,12_2,ReM
M203,obd,11-12_1,ReM
M204,wmd,12_2,ReM
M205A,mdnd,12-13_1,ReM
M205E,wmd,13_1,ReM
M205M,mdnd,12-13_1,ReM
M205P,bair,12_2,ReM
M205S,mdnd,12-13_1,ReM
M205T,wmd,13_1,ReM
M205W,thurhess,13_1,ReM
M206,mdnd,12-13_1,ReM
M207,bair,12_2,ReM
M208,bair,12_2,ReM
M209,alem,12_2,ReM
M210,bair,13_1,ReM
M212,bair,12_2,ReM
M213,wmd,13_1,ReM
M214,bairalem,12_2,ReM
M214W,obd,13_1,ReM
M214Y,bairalem,12_2,ReM
M217,bairalem,12_2,ReM
M218A,obd,11-12_1,ReM
M218B,obd,11-12_1,ReM
M219,bair,13_1,ReM
M220M,obd,11-12_1,ReM
M220P,obd,11-12_1,ReM
M221,bair,12_2,ReM
M222,wmd,13_1,ReM
M223,bair,12_2,ReM
M224,bair,12_2,ReM
M225,bair,12_2,ReM
M226,mdnd,12-13_1,ReM
M227,alem,13_2,ReM
M228,obd,13_1,ReM
M229,bairalem,12_2,ReM
M230,obd,11-12_1,ReM
M232,wmd,13_1,ReM
M233,bair,13_1,ReM
M234,bair,12_2,ReM
M235,obd,11-12_1,ReM
M236,bair,13_1,ReM
M238,bair,12_2,ReM
M239,md,13_2,ReM
M240B,omd_ofrk,12_2,ReM
M241,bair,13_1,ReM
M241E,alem,13_1,ReM
M241I,bair,13_1,ReM
M241Y,bair,13_1,ReM
M242,obd,11_2-12_1,ReM
M242Y,obd,11-12_1,ReM
M243,md,13_2,ReM
M244,obd,11_2-12_1,ReM
M246,bair,12_2,ReM
M247,obd,11-12_1,ReM
M248,bair,13_1,ReM
M249,bair,13_1,ReM
M250,bair,12_2,ReM
M251,wmd,12_2,ReM
M252,obd,11-12_1,ReM
M253,bair,13_1,ReM
M254,bair,13_1,ReM
M255,bair,13_1,ReM
M301,omd,13_2,ReM
M302,bair,13_2,ReM
M303,mfrk,13_2,ReM
M304,bair,13_2,ReM
M305,rhfrhess,14_1,ReM
M306,rhfrhess,14_1,ReM
M307,alem,13_1,ReM
M308,mfrk,14_1,ReM
M309,bairalem,14_1,ReM
M310,rhfrhess,13_2,ReM
M311,omd,14_1,ReM
M312,obd,13_1,ReM
M313,mfrk,13_2,ReM
M314,bair,13_2,ReM
M315,omd,14_1,ReM
M316,ofrk,14_1,ReM
M317,alem,14_1,ReM
M318,omd,14_1,ReM
M319,bair,14_1,ReM
M320,omd,13_2,ReM
M321,obd,13_1,ReM
M322,alem,14_1,ReM
M323,bair,14_1,ReM
M324,rhfrhess,14_1,ReM
M325,obd,13_1,ReM
M326,omd,14_1,ReM
M327,mfrk,13_2,ReM
M328,rhfrhess,13_2,ReM
M329,bair,13_1,ReM
M330,thurhess,13_1,ReM
M331,rhfrhess,14_1,ReM
M332,alem,13_2,ReM
M333,alem,14_1,ReM
M334,ofrk,14_1,ReM
M335,wmd,13_1,ReM
M336,alem,13_2,ReM
M337,rhfrhess,13_2,ReM
M338,ofrk,14_1,ReM
M339,alem,13_2,ReM
M340,mfrk,14_1,ReM
M341,alem,13_1,ReM
M342,obd,13_1,ReM
M343,bairalem,14_1,ReM
M344,bairalem,13_2,ReM
M345,bairalem,14_1,ReM
M346,alem,13_2,ReM
M347,alem,14_1,ReM
M348,omd,14_1,ReM
M349,mfrk,13_2,ReM
M350,mfrk,14_1,ReM
M351,bair,14_1,ReM
M352,rhfrhess,14_1,ReM
M353,ofrk,14_1,ReM
M354,mfrk,13_2,ReM
M355,bairalem,13_2,ReM
M356,ofrk,14_1,ReM
M357,mfrk,14_1,ReM
M358,bairalem,13_1,ReM
M359,alem,13_2,ReM
M401,bairalem,14_1,ReM
M402,omd,14_1,ReM
M402Y,omd,14_1,ReM
M403,bair,13_2,ReM
M403Y,bair,13_2,ReM
M404,mfrk,14_1,ReM
M405,bairalem,13_2,ReM
M405Y,bairalem,13_2,ReM
M406,ofrk,14_1,ReM
M406Y,ofrk,14_1,ReM
M407,rhfrhess,14_1,ReM
M407Y,rhfrhess,14_1,ReM
M408,omd,13_2,ReM
M409,bair,13_1,ReM
M410,bair,14_1,ReM
M411,bairalem,13_2,ReM
M501,bair,13_1,ReM
M503,bairalem,13_1,ReM
M504,wmd,13_1,ReM
M505,wmd,13_1,ReM
M506,thurhess,13_1,ReM
M507,thurhess,13_1,ReM
M508,bair,13_2,ReM
M509,bair,13_2,ReM
M510,bair,13_2,ReM
M512,bairalem,13_2,ReM
M513,alem,13_2,ReM
M514,alem,13_2,ReM
M516,md,13_2,ReM
M517,md,13_2,ReM
M518,obd,14_1,ReM
M520,obd,14_1,ReM
M521,obd,14_1,ReM
M522,obd,14_1,ReM
M523,obd,14_1,ReM
M524,obd,14_1,ReM
M525,obd,14_1,ReM
M527,mfrk,14_1,ReM
M528,mfrk,14_1,ReM
M529,mfrk,14_1,ReM
M530,mfrk,14_1,ReM
M531,mfrk,14_1,ReM
M532,rhfrhess,14_1,ReM
M533,rhfrhess,14_1,ReM
M536,omd,14_1,ReM
M537,omd,14_1,ReM
M538,omd,14_1,ReM
M539,ofrk,14_1,ReM
M540,ofrk,14_1,ReM
M541B,thurhess,14_1,ReM
M541H,thurhess,14_1,ReM
M541S,rhfrhess,14_1,ReM
M543,wmd,13_1,ReM
M544A,mfrk,13_2,ReM
M544B,mfrk,13_2,ReM
M544C,mfrk,13_2,ReM
M544D,mfrk,13_2,ReM
M545,mfrk,14_1,ReM
M546,md,13_2,ReM
M547,mfrk,14_1,ReM
M548,wmd,13_2,ReM
M549,wmd,14_1,ReM
M550,wmd,13_2,ReM
M551,wmd,13_2,ReM
M552,omd,13_2,ReM
F064,oberrheinisch,"14,2",ReF
F073,oberrheinisch,"15,2",ReF
F082,oberrheinisch,"16,2",ReF
F088,hochalemannisch,"14,2",ReF
F094,hochalemannisch,"15,2",ReF
F106,hochalemannisch,"16,2",ReF
F112,schwäbisch,"14,2",ReF
F121,schwäbisch,"15,2",ReF
F131,ostschwäbisch,"14,2",ReF
F139,ostschwäbisch,"15,2",ReF
F148,gesamtschwäbisch,"16,2",ReF
F149,gesamtschwäbisch,"16,2",ReF
F154,ripuarisch,"14,2",ReF
F155,ripuarisch,"14,2",ReF
F159,ripuarisch,"15,1",ReF
F161,ripuarisch,"15,2",ReF
F163,ripuarisch,"15,2",ReF
F164,ripuarisch,"15,2",ReF
F165,ripuarisch,"15,2",ReF
F166,ripuarisch,"16,1",ReF
F167,ripuarisch,"16,1",ReF
F169,ripuarisch,"16,1",ReF
F170,ripuarisch,"16,1",ReF
F172,ripuarisch,"16,2",ReF
F173,ripuarisch,"16,2",ReF
F174,ripuarisch,"16,2",ReF
F175,moselfränkisch,"14,2",ReF
F181,moselfränkisch,"15,2",ReF
F190,moselfränkisch,"16,1",ReF
F192,moselfränkisch,"16,1",ReF
F193,moselfränkisch,"16,2",ReF
F194,moselfränkisch,"16,2",ReF
F195,moselfränkisch,"16,2",ReF
F201,hessisch,"15,1",ReF
F202,hessisch,"15,2",ReF
F203,hessisch,"15,2",ReF
F205,hessisch,"15,2",ReF
F206,hessisch,"15,2",ReF
F210,hessisch,"16,1",ReF
F211,hessisch,"16,1",ReF
F212,hessisch,"16,1",ReF
F215,südrheinfränkisch,"14,2",ReF
F216,südrheinfränkisch,"14,2",ReF
F218,südrheinfränkisch,"15,1",ReF
F219,südrheinfränkisch,"15,1",ReF
F220,südrheinfränkisch,"15,2",ReF
F225,südrheinfränkisch,"15,2",ReF
F228,südrheinfränkisch,"16,1",ReF
F229,südrheinfränkisch,"16,1",ReF
F232,hessisch-südrheinfränkisch,"16,2",ReF
F234,hessisch-südrheinfränkisch,"16,2",ReF
F235,westmitteldeutsch,"17,1",ReF
F236,westmitteldeutsch,"17,1",ReF
F237,westmitteldeutsch,"17,1",ReF
F001,mittelbairisch,"14,2",ReF
F002,nordbairisch,"14,2",ReF
F004,nordbairisch,"15,1",ReF
F005,nordbairisch,"15,1",ReF
F007,nordbairisch,"15,2",ReF
F008,nordbairisch,"15,2",ReF
F010,nordbairisch,"15,2",ReF
F011,nordbairisch,"15,2",ReF
F014,nordbairisch,"16,1",ReF
F015,nordbairisch,"16,1",ReF
F016,nordbairisch,"16,1",ReF
F018,nordbairisch,"16,1",ReF
F019,mittelbairisch,"14,2",ReF
F021,mittelbairisch,"14,2",ReF
F022,mittelbairisch,"15,1",ReF
F024,mittelbairisch,"15,1",ReF
F025,mittelbairisch,"15,2",ReF
F027,mittelbairisch,"15,2",ReF
F028,mittelbairisch,"15,2",ReF
F029,mittelbairisch,"15,2",ReF
F032,mittelbairisch,"16,1",ReF
F033,mittelbairisch,"16,1",ReF
F034,mittelbairisch,"16,1",ReF
F036,mittelbairisch,"16,1",ReF
F037,restbairisch,"16,2",ReF
F038,restbairisch,"16,2",ReF
F040,südbairisch,"14,2",ReF
F045,südbairisch,"15,1",ReF
F046,südbairisch,"15,2",ReF
F048,südbairisch,"15,2",ReF
F052,südbairisch,"16,1",ReF
F054,südbairisch,"16,1",ReF
F056,südbairisch,"16,1",ReF
F057,südbairisch,"16,1",ReF
F058,südbairisch,"16,2",ReF
F059,südbairisch,"16,2",ReF
F061,gesamtbairisch,"17,1",ReF
F062,gesamtbairisch,"17,1",ReF
F065,oberrheinisch,"14,2",ReF
F067,oberrheinisch,"15,1",ReF
F069,oberrheinisch,"15,1",ReF
F070,oberrheinisch,"15,2",ReF
F071,oberrheinisch,"15,2",ReF
F074,oberrheinisch,"15,2",ReF
F077,oberrheinisch,"16,1",ReF
F078,oberrheinisch,"16,2",ReF
F079,oberrheinisch,"16,1",ReF
F080,oberrheinisch,"16,1",ReF
F081,oberrheinisch,"16,1",ReF
F084,oberrheinisch,"16,2",ReF
F086,oberrheinisch,"17,1",ReF
F087,oberrheinisch,"17,1",ReF
F089,hochalemannisch,"14,2",ReF
F091,hochalemannisch,"15,1",ReF
F092,hochalemannisch,"15,1",ReF
F096,hochalemannisch,"15,2",ReF
F099,hochalemannisch,"15,2",ReF
F101,hochalemannisch,"16,1",ReF
F102,hochalemannisch,"16,1",ReF
F103,hochalemannisch,"16,1",ReF
F105,hochalemannisch,"16,1",ReF
F108,hochalemannisch,"16,2",ReF
F110,hochalemannisch,"17,1",ReF
F111,hochalemannisch,"17,1",ReF
F113,schwäbisch,"14,2",ReF
F115,schwäbisch,"15,1",ReF
F116,schwäbisch,"15,1",ReF
F118,schwäbisch,"15,2",ReF
F120,schwäbisch,"15,2",ReF
F123,schwäbisch,"15,2",ReF
F124,schwäbisch,"16,1",ReF
F126,schwäbisch,"16,1",ReF
F128,schwäbisch,"16,1",ReF
F129,schwäbisch,"16,1",ReF
F133,ostschwäbisch,"14,2",ReF
F137,ostschwäbisch,"15,2",ReF
F138,ostschwäbisch,"15,2",ReF
F142,ostschwäbisch,"16,1",ReF
F143,ostschwäbisch,"16,1",ReF
F145,ostschwäbisch,"16,1",ReF
F146,ostschwäbisch,"16,1",ReF
F151,gesamtschwäbisch,"17,1",ReF
F152,gesamtschwäbisch,"17,1",ReF
F240,thüringisch,"14,2",ReF
F241,thüringisch,"15,1",ReF
F243,thüringisch,"15,1",ReF
F245,thüringisch,"15,2",ReF
F246,thüringisch,"15,2",ReF
F248,thüringisch,"15,2",ReF
F249,thüringisch,"15,2",ReF
F251,thüringisch,"16,1",ReF
F252,thüringisch,"16,1",ReF
F253,thüringisch,"16,1",ReF
F256,thüringisch,"16,2",ReF
F258,thüringisch,"16,2",ReF
F259,obersächsisch,"14,2",ReF
F260,obersächsisch,"14,2",ReF
F262,obersächsisch,"15,1",ReF
F264,obersächsisch,"15,1",ReF
F268,obersächsisch,"15,2",ReF
F270,obersächsisch,"15,2",ReF
F271,obersächsisch,"16,1",ReF
F272,obersächsisch,"16,1",ReF
F274,obersächsisch,"16,1",ReF
F275,obersächsisch,"16,1",ReF
F278,obersächsisch,"16,2",ReF
F279,obersächsisch,"16,2",ReF
F280,schlesisch,"14,2",ReF
F281,schlesisch,"14,2",ReF
F283,schlesisch,"15,1",ReF
F286,schlesisch,"15,2",ReF
F292,schlesisch,"16,1",ReF
F293,schlesisch,"16,1",ReF
F295,schlesisch,"16,1",ReF
F296,schlesisch,"16,2",ReF
F298,schlesisch,"16,2",ReF
F300,schlesisch,"16,2",ReF
F301,ostmitteldeutsch,"17,1",ReF
F303,ostmitteldeutsch,"17,1",ReF
F304,-,"14,2",ReF
F306,-,"14,2",ReF
F308,-,"15,1",ReF
F309,-,"15,1",ReF
F310,-,"15,2",ReF
F312,-,"15,2",ReF
F313,-,"15,2",ReF
F315,-,"15,2",ReF
F317,-,"16,1",ReF
F319,-,"16,1",ReF
F321,-,"16,1",ReF
F322,-,"16,2",ReF
F324,-,"16,2",ReF
F326,-,"17,1",ReF
F327,-,"17,1",ReF
F329,-,"14,2",ReF
F332,-,"15,1",ReF
