sigle,dialect,period,corpus,file
M001,ReM/wmd,12,ReM,M001-N1.txt
M002,ReM/wmd,12,ReM,M002-N1.txt
M003,ReM/omd_ofrk,12,ReM,M003-N1.txt
M004,ReM/bair,12,ReM,M004-N1.txt
M005,ReM/thurhess,12,ReM,M005-G1.txt
M006,ReM/omd_ofrk,12,ReM,M006-G1.txt
M007,ReM/wmd,13,ReM,M007-N1.txt
M008,ReM/thurhess,13,ReM,M008-G1.txt
M009,ReM/bair,12,ReM,M009-N1.txt
M010,ReM/obd,11,ReM,M010-N1.txt
M011,ReM/wmd,12,ReM,M011-N1.txt
M012,ReM/bair,13,ReM,M012-N0.txt
M013B,ReM/wmd,12,ReM,M013B-N1.txt
M013O,ReM/wmd,12,ReM,M013O-N1.txt
M014,ReM/bair,12,ReM,M014-N1.txt
M015,ReM/wmd,12,ReM,M015-N1.txt
M016,ReM/bair,12,ReM,M016-N1.txt
M017,ReM/alem,12,ReM,M017-N1.txt
M018,ReM/bair,13,ReM,M018-N1.txt
M019,ReM/obd,11,ReM,M019-N1.txt
M020,ReM/obd,12,ReM,M020-N1.txt
M021,ReM/bair,12,ReM,M021-N1.txt
M022,ReM/bair,12,ReM,M022-N1.txt
M023,ReM/bair,12,ReM,M023-N1.txt
M024,ReM/bair,12,ReM,M024-N1.txt
M026,ReM/bair,13,ReM,M026-N1.txt
M027,ReM/bair,12,ReM,M027-N1.txt
M028,ReM/bair,12,ReM,M028-N1.txt
M029,ReM/obd,12,ReM,M029-N1.txt
M030,ReM/bairalem,13,ReM,M030-N1.txt
M031,ReM/bairalem,13,ReM,M031-N1.txt
M032,ReM/wmd,12,ReM,M032-N1.txt
M033,ReM/omd_ofrk,12,ReM,M033-N1.txt
M034,ReM/obd,12,ReM,M034-N1.txt
M035,ReM/obd,11,ReM,M035-N1.txt
M036,ReM/rhfrhess,11,ReM,M036-N1.txt
M037,ReM/obd,11,ReM,M037-N1.txt
M038,ReM/alem,13,ReM,M038-N1.txt
M040,ReM/obd,11,ReM,M040-N1.txt
M041,ReM/obd,11,ReM,M041-N1.txt
M044,ReM/bair,12,ReM,M044-N1.txt
M045,ReM/wmd,13,ReM,M045-N1.txt
M046,ReM/omd,14,ReM,M046-N1.txt
M047,ReM/bair,12,ReM,M047-N1.txt
M048M,ReM/obd,11,ReM,M048M-N1.txt
M048P,ReM/rhfrhess,11,ReM,M048P-N1.txt
M049,ReM/obd,11,ReM,M049-N1.txt
M050,ReM/obd,11,ReM,M050-N1.txt
M051,ReM/alem,12,ReM,M051-N1.txt
M052,ReM/wmd,12,ReM,M052-N1.txt
M053,ReM/wmd,12,ReM,M053-N1.txt
M054,ReM/wmd,12,ReM,M054-N1.txt
M055,ReM/alem,12,ReM,M055-N1.txt
M056,ReM/obd,11,ReM,M056-N1.txt
M057,ReM/wmd,12,ReM,M057-N1.txt
M058,ReM/bair,13,ReM,M058-N1.txt
M059,ReM/obd,13,ReM,M059-N1.txt
M060,ReM/alem,12,ReM,M060-N1.txt
M061B,ReM/bairalem,12,ReM,M061B-G1.txt
M061W,ReM/bair,13,ReM,M061W-N1.txt
M062,ReM/bair,12,ReM,M062-N1.txt
M063,ReM/obd,12,ReM,M063-N1.txt
M064M,ReM/mdnd,12,ReM,M064M-N1.txt
M064R,ReM/bairalem,13,ReM,M064R-N1.txt
M064S,ReM/mdnd,12,ReM,M064S-N1.txt
M065,ReM/alem,12,ReM,M065-G1.txt
M066,ReM/md,13,ReM,M066-N1.txt
M067,ReM/bairalem,12,ReM,M067-G1.txt
M068,ReM/bair,12,ReM,M068-N1.txt
M069,ReM/obd,11,ReM,M069-G1.txt
M070,ReM/wmd,12,ReM,M070-N1.txt
M071U,ReM/bair,13,ReM,M071U-N1.txt
M071W,ReM/bair,13,ReM,M071W-N1.txt
M072,ReM/bair,12,ReM,M072-N1.txt
M073,ReM/wmd,13,ReM,M073-N1.txt
M074,ReM/bair,12,ReM,M074-N1.txt
M075,ReM/obd,11,ReM,M075-N1.txt
M076,ReM/?,?,ReM,M076-N1.txt
M076A,ReM/wmd,13,ReM,M076A-N1.txt
M076B,ReM/wmd,13,ReM,M076B-N1.txt
M077,ReM/alem,12,ReM,M077-G1.txt
M078,ReM/alem,12,ReM,M078-N1.txt
M080,ReM/obd,11,ReM,M080-N1.txt
M081A,ReM/bair,13,ReM,M081A-N1.txt
M081B,ReM/bair,13,ReM,M081B-N1.txt
M082,ReM/wmd,13,ReM,M082-G1.txt
M083,ReM/alem,12,ReM,M083-N1.txt
M084A,ReM/obd,12,ReM,M084A-N1.txt
M084B,ReM/obd,12,ReM,M084B-N1.txt
M084E,ReM/obd,13,ReM,M084E-N1.txt
M084L,ReM/obd,13,ReM,M084L-N1.txt
M084M,ReM/obd,12,ReM,M084M-N1.txt
M085,ReM/obd,11,ReM,M085-N1.txt
M086,ReM/obd,11,ReM,M086-N1.txt
M087,ReM/bair,12,ReM,M087-N1.txt
M088,ReM/bair,12,ReM,M088-N1.txt
M089,ReM/obd,11,ReM,M089-G1.txt
M090,ReM/bairalem,12,ReM,M090-N1.txt
M091,ReM/obd,11,ReM,M091-N1.txt
M092,ReM/bairalem,12,ReM,M092-N1.txt
M093,ReM/obd,11,ReM,M093-N1.txt
M094,ReM/obd,11,ReM,M094-N1.txt
M095,ReM/obd,11,ReM,M095-N1.txt
M096,ReM/bair,12,ReM,M096-N1.txt
M097,ReM/obd,11,ReM,M097-N1.txt
M098,ReM/bair,12,ReM,M098-N1.txt
M099,ReM/bair,12,ReM,M099-N1.txt
M100,ReM/thurhess,13,ReM,M100-G1.txt
M101,ReM/bair,12,ReM,M101-N1.txt
M102,ReM/obd,13,ReM,M102-N1.txt
M103,ReM/thurhess,13,ReM,M103-G1.txt
M103,ReM/thurhess,13,ReM,M103-N1.txt
M104,ReM/obd,11,ReM,M104-N1.txt
M105,ReM/alem,12,ReM,M105-N1.txt
M106,ReM/alem,13,ReM,M106-N1.txt
M107G,ReM/bair,12,ReM,M107G-G1.txt
M107S,ReM/thurhess,13,ReM,M107S-N1.txt
M108M,ReM/wmd,13,ReM,M108M-N1.txt
M108P,ReM/wmd,13,ReM,M108P-N1.txt
M108S,ReM/md,13,ReM,M108S-N1.txt
M110,ReM/bair,12,ReM,M110-N1.txt
M111,ReM/bair,12,ReM,M111-N1.txt
M112,ReM/bair,13,ReM,M112-G1.txt
M113,ReM/alem,13,ReM,M113-G1.txt
M113Y,ReM/alem,13,ReM,M113y-N1.txt
M114,ReM/wmd,13,ReM,M114-N1.txt
M115,ReM/obd,11,ReM,M115-N1.txt
M116,ReM/bair,12,ReM,M116-N1.txt
M117,ReM/omd_ofrk,12,ReM,M117-G1.txt
M118,ReM/wmd,13,ReM,M118-N1.txt
M119,ReM/bair,12,ReM,M119-N1.txt
M120,ReM/wmd,13,ReM,M120-N1.txt
M121F,ReM/bair,12,ReM,M121F-N1.txt
M121G,ReM/bair,12,ReM,M121G-N1.txt
M121K,ReM/bair,12,ReM,M121K-N1.txt
M121N,ReM/alem,13,ReM,M121N-N1.txt
M121S,ReM/bair,13,ReM,M121S-N1.txt
M121V,ReM/bair,12,ReM,M121V-G1.txt
M121W,ReM/bair,13,ReM,M121W-N1.txt
M121Y,ReM/bair,12,ReM,M121y1-N.txt
M121Y,ReM/bair,12,ReM,M121y2-N.txt
M122,ReM/bair,13,ReM,M122-N1.txt
M123,ReM/bair,12,ReM,M123-N1.txt
M124,ReM/alem,12,ReM,M124-N1.txt
M125,ReM/bair,12,ReM,M125-N1.txt
M126,ReM/obd,11,ReM,M126-N1.txt
M127,ReM/obd,12,ReM,M127-N1.txt
M128,ReM/rhfrhess,11,ReM,M128-N1.txt
M129,ReM/wmd,12,ReM,M129-N1.txt
M130,ReM/wmd,12,ReM,M130-N1.txt
M131,ReM/bair,12,ReM,M131-N1.txt
M132G,ReM/alem,13,ReM,M132G-G1.txt
M132W,ReM/bair,13,ReM,M132W-N1.txt
M133,ReM/wmd,12,ReM,M133-N1.txt
M134,ReM/obd,13,ReM,M134-N1.txt
M135,ReM/md,13,ReM,M135-N1.txt
M136,ReM/wmd,12,ReM,M136-G1.txt
M137,ReM/obd,11,ReM,M137-N1.txt
M138,ReM/bair,12,ReM,M138-N1.txt
M139,ReM/bair,13,ReM,M139-N1.txt
M140,ReM/alem,12,ReM,M140-N1.txt
M140B,ReM/alem,12,ReM,M140B-N1.txt
M140C,ReM/alem,13,ReM,M140C-N1.txt
M140D,ReM/bairalem,13,ReM,M140D-N1.txt
M141,ReM/bair,13,ReM,M141-N1.txt
M142,ReM/obd,11,ReM,M142-G1.txt
M143,ReM/obd,11,ReM,M143-G1.txt
M144,ReM/alem,13,ReM,M144-N1.txt
M145,ReM/bair,12,ReM,M145-N1.txt
M146,ReM/bairalem,12,ReM,M146-N1.txt
M147,ReM/bair,13,ReM,M147-N1.txt
M148,ReM/mfrk,13,ReM,M148-N1.txt
M149,ReM/bair,12,ReM,M149-N1.txt
M150,ReM/obd,11,ReM,M150-N1.txt
M151,ReM/bairalem,13,ReM,M151-N1.txt
M152,ReM/obd,11,ReM,M152-G1.txt
M153,ReM/rhfrhess,11,ReM,M153-N1.txt
M154,ReM/bair,12,ReM,M154-N1.txt
M155,ReM/obd,11,ReM,M155-N1.txt
M156,ReM/bair,13,ReM,M156-N1.txt
M157,ReM/bair,12,ReM,M157-G1.txt
M158,ReM/thurhess,13,ReM,M158-N1.txt
M159,ReM/obd,11,ReM,M159-N1.txt
M160H,ReM/bair,13,ReM,M160H-N1.txt
M160M,ReM/bair,12,ReM,M160M-N1.txt
M160P,ReM/bair,13,ReM,M160P-N1.txt
M160R,ReM/bair,13,ReM,M160R-N1.txt
M161,ReM/bair,13,ReM,M161-N1.txt
M163B,ReM/alem,12,ReM,M163B-N1.txt
M163K,ReM/bair,12,ReM,M163K-N1.txt
M165,ReM/bairalem,13,ReM,M165-G1.txt
M167,ReM/thurhess,13,ReM,M167-N1.txt
M168,ReM/bair,13,ReM,M168-N1.txt
M171,ReM/alem,12,ReM,M171-G1.txt
M172,ReM/obd,13,ReM,M172-N1.txt
M173,ReM/bairalem,12,ReM,M173-N1.txt
M174,ReM/bair,12,ReM,M174-N1.txt
M177,ReM/thurhess,12,ReM,M177-G1.txt
M178,ReM/bair,12,ReM,M178-N1.txt
M182A,ReM/obd,11,ReM,M182A-N1.txt
M182B,ReM/obd,11,ReM,M182B-N1.txt
M182C,ReM/obd,11,ReM,M182C-N1.txt
M185,ReM/bair,13,ReM,M185-N1.txt
M186,ReM/rhfrhess,11,ReM,M186-N1.txt
M187,ReM/mdnd,12,ReM,M187-N1.txt
M188,ReM/wmd,12,ReM,M188-G1.txt
M188Y,ReM/wmd,12,ReM,M188y-N1.txt
M189,ReM/mdnd,12,ReM,M189-N1.txt
M191,ReM/omd_ofrk,12,ReM,M191-N1.txt
M192,ReM/obd,13,ReM,M192-N1.txt
M193,ReM/bair,12,ReM,M193-N1.txt
M194,ReM/bair,13,ReM,M194-N1.txt
M195,ReM/bair,12,ReM,M195-G1.txt
M195Y,ReM/bair,12,ReM,M195y-N1.txt
M196,ReM/bairalem,13,ReM,M196-N1.txt
M197,ReM/obd,11,ReM,M197-N1.txt
M198,ReM/bair,13,ReM,M198-N1.txt
M199A,ReM/wmd,12,ReM,M199A-G1.txt
M199B,ReM/obd,12,ReM,M199B-N1.txt
M199C,ReM/omd_ofrk,12,ReM,M199C-N1.txt
M200,ReM/omd_ofrk,12,ReM,M200-N1.txt
M201,ReM/md,13,ReM,M201-N1.txt
M202,ReM/bair,12,ReM,M202-N1.txt
M203,ReM/obd,11,ReM,M203-N1.txt
M204,ReM/wmd,12,ReM,M204-N1.txt
M205A,ReM/mdnd,12,ReM,M205A-N1.txt
M205E,ReM/wmd,13,ReM,M205E-N1.txt
M205M,ReM/mdnd,12,ReM,M205M-N1.txt
M205P,ReM/bair,12,ReM,M205P-N1.txt
M205S,ReM/mdnd,12,ReM,M205S-N1.txt
M205T,ReM/wmd,13,ReM,M205T-N1.txt
M205W,ReM/thurhess,13,ReM,M205W-N1.txt
M206,ReM/mdnd,12,ReM,M206-N1.txt
M207,ReM/bair,12,ReM,M207-N1.txt
M208,ReM/bair,12,ReM,M208-N1.txt
M209,ReM/alem,12,ReM,M209-G1.txt
M210,ReM/bair,13,ReM,M210-N0.txt
M212,ReM/bair,12,ReM,M212-N1.txt
M213,ReM/wmd,13,ReM,M213-N1.txt
M214,ReM/bairalem,12,ReM,M214-G1.txt
M214W,ReM/obd,13,ReM,M214W-N1.txt
M214Y,ReM/bairalem,12,ReM,M214y-N1.txt
M217,ReM/bairalem,12,ReM,M217-N1.txt
M218A,ReM/obd,11,ReM,M218A-N1.txt
M218B,ReM/obd,11,ReM,M218B-N1.txt
M219,ReM/bair,13,ReM,M219-N1.txt
M220M,ReM/obd,11,ReM,M220M-N1.txt
M220P,ReM/obd,11,ReM,M220P-N1.txt
M221,ReM/bair,12,ReM,M221-N1.txt
M222,ReM/wmd,13,ReM,M222-N1.txt
M223,ReM/bair,12,ReM,M223-N1.txt
M224,ReM/bair,12,ReM,M224-N1.txt
M225,ReM/bair,12,ReM,M225-N1.txt
M226,ReM/mdnd,12,ReM,M226-N1.txt
M227,ReM/alem,13,ReM,M227-N1.txt
M228,ReM/obd,13,ReM,M228-N1.txt
M229,ReM/bairalem,12,ReM,M229-N1.txt
M230,ReM/obd,11,ReM,M230-N1.txt
M232,ReM/wmd,13,ReM,M232-G1.txt
M233,ReM/bair,13,ReM,M233-N1.txt
M234,ReM/bair,12,ReM,M234-N1.txt
M235,ReM/obd,11,ReM,M235-N1.txt
M236,ReM/bair,13,ReM,M236-N1.txt
M238,ReM/bair,12,ReM,M238-N1.txt
M239,ReM/md,13,ReM,M239-N1.txt
M240B,ReM/omd_ofrk,12,ReM,M240B-N1.txt
M241,ReM/bair,13,ReM,M241-G1.txt
M241E,ReM/alem,13,ReM,M241E-N1.txt
M241I,ReM/bair,13,ReM,M241I-N1.txt
M241Y,ReM/bair,13,ReM,M241y-N1.txt
M242,ReM/obd,11,ReM,M242-G1.txt
M242Y,ReM/obd,11,ReM,M242Y-N0.txt
M243,ReM/md,13,ReM,M243-N1.txt
M244,ReM/obd,11,ReM,M244-G1.txt
M246,ReM/bair,12,ReM,M246-N1.txt
M247,ReM/obd,11,ReM,M247-N1.txt
M248,ReM/bair,13,ReM,M248-N1.txt
M249,ReM/bair,13,ReM,M249-N1.txt
M250,ReM/bair,12,ReM,M250-N1.txt
M251,ReM/wmd,12,ReM,M251-N1.txt
M252,ReM/obd,11,ReM,M252-N1.txt
M301,ReM/omd,13,ReM,M301-G1.txt
M302,ReM/bair,13,ReM,M302-G1.txt
M303,ReM/mfrk,13,ReM,M303-G1.txt
M304,ReM/bair,13,ReM,M304-G1.txt
M305,ReM/rhfrhess,14,ReM,M305-G1.txt
M306,ReM/rhfrhess,14,ReM,M306-G1.txt
M307,ReM/alem,13,ReM,M307-G1.txt
M308,ReM/mfrk,14,ReM,M308-G1.txt
M309,ReM/bairalem,14,ReM,M309-G1.txt
M310,ReM/rhfrhess,13,ReM,M310-G1.txt
M311,ReM/omd,14,ReM,M311-G1.txt
M312,ReM/obd,13,ReM,M312-G1.txt
M313,ReM/mfrk,13,ReM,M313-G1.txt
M314,ReM/bair,13,ReM,M314-G1.txt
M315,ReM/omd,14,ReM,M315-G1.txt
M316,ReM/ofrk,14,ReM,M316-G1.txt
M317,ReM/alem,14,ReM,M317-G1.txt
M318,ReM/omd,14,ReM,M318-G1.txt
M319,ReM/bair,14,ReM,M319-G1.txt
M320,ReM/omd,13,ReM,M320-G1.txt
M321,ReM/obd,13,ReM,M321-G1.txt
M322,ReM/alem,14,ReM,M322-G1.txt
M323,ReM/bair,14,ReM,M323-G1.txt
M324,ReM/rhfrhess,14,ReM,M324-G1.txt
M325,ReM/obd,13,ReM,M325-G1.txt
M326,ReM/omd,14,ReM,M326-G1.txt
M327,ReM/mfrk,13,ReM,M327-G1.txt
M328,ReM/rhfrhess,13,ReM,M328-G1.txt
M329,ReM/bair,13,ReM,M329-G1.txt
M330,ReM/thurhess,13,ReM,M330-G1.txt
M331,ReM/rhfrhess,14,ReM,M331-G1.txt
M332,ReM/alem,13,ReM,M332-G1.txt
M333,ReM/alem,14,ReM,M333-G1.txt
M334,ReM/ofrk,14,ReM,M334-G1.txt
M335,ReM/wmd,13,ReM,M335-G1.txt
M336,ReM/alem,13,ReM,M336-G1.txt
M337,ReM/rhfrhess,13,ReM,M337-G1.txt
M338,ReM/ofrk,14,ReM,M338-G1.txt
M339,ReM/alem,13,ReM,M339-G1.txt
M340,ReM/mfrk,14,ReM,M340-G1.txt
M341,ReM/alem,13,ReM,M341-G1.txt
M342,ReM/obd,13,ReM,M342-G1.txt
M343,ReM/bairalem,14,ReM,M343-G1.txt
M344,ReM/bairalem,13,ReM,M344-G1.txt
M345,ReM/bairalem,14,ReM,M345-G1.txt
M346,ReM/alem,13,ReM,M346-G1.txt
M347,ReM/alem,14,ReM,M347-G1.txt
M348,ReM/omd,14,ReM,M348-G1.txt
M349,ReM/mfrk,13,ReM,M349-G1.txt
M350,ReM/mfrk,14,ReM,M350-G1.txt
M351,ReM/bair,14,ReM,M351-G1.txt
M352,ReM/rhfrhess,14,ReM,M352-G1.txt
M353,ReM/ofrk,14,ReM,M353-G1.txt
M354,ReM/mfrk,13,ReM,M354-G1.txt
M355,ReM/bairalem,13,ReM,M355-G1.txt
M356,ReM/ofrk,14,ReM,M356-G1.txt
M357,ReM/mfrk,14,ReM,M357-G1.txt
M358,ReM/bairalem,13,ReM,M358-G1.txt
M359,ReM/alem,13,ReM,M359-G1.txt
M401,ReM/bairalem,14,ReM,M401-G1.txt
M402,ReM/omd,14,ReM,M402-G1.txt
M402Y,ReM/omd,14,ReM,M402y-N1.txt
M403,ReM/bair,13,ReM,M403-G1.txt
M403Y,ReM/bair,13,ReM,M403y-N0.txt
M404,ReM/mfrk,14,ReM,M404-G1.txt
M405,ReM/bairalem,13,ReM,M405-G1.txt
M405Y,ReM/bairalem,13,ReM,M405y-N1.txt
M406,ReM/ofrk,14,ReM,M406-G1.txt
M406Y,ReM/ofrk,14,ReM,M406y-N0.txt
M407,ReM/rhfrhess,14,ReM,M407-G1.txt
M407Y,ReM/rhfrhess,14,ReM,M407y-N0.txt
M408,ReM/omd,13,ReM,M408-G1.txt
M409,ReM/bair,13,ReM,M409-G1.txt
M410,ReM/bair,14,ReM,M410-G1.txt
M411,ReM/bairalem,13,ReM,M411-G1.txt
M501,ReM/bair,13,ReM,M501-N0.txt
M503,ReM/bairalem,13,ReM,M503-N1.txt
M504,ReM/wmd,13,ReM,M504-N0.txt
M505,ReM/wmd,13,ReM,M505-N1.txt
M506,ReM/thurhess,13,ReM,M506-N0.txt
M507,ReM/thurhess,13,ReM,M507-G1.txt
M508,ReM/bair,13,ReM,M508-N0.txt
M509,ReM/bair,13,ReM,M509-N0.txt
M510,ReM/bair,13,ReM,M510-N0.txt
M512,ReM/bairalem,13,ReM,M512-N0.txt
M513,ReM/alem,13,ReM,M513-N0.txt
M514,ReM/alem,13,ReM,M514-N0.txt
M516,ReM/md,13,ReM,M516-N0.txt
M517,ReM/md,13,ReM,M517-N0.txt
M518,ReM/obd,14,ReM,M518-N0.txt
M520,ReM/obd,14,ReM,M520-N0.txt
M521,ReM/obd,14,ReM,M521-N1.txt
M522,ReM/obd,14,ReM,M522-N1.txt
M523,ReM/obd,14,ReM,M523-N0.txt
M524,ReM/obd,14,ReM,M524-N0.txt
M525,ReM/obd,14,ReM,M525-N0.txt
M527,ReM/mfrk,14,ReM,M527-N0.txt
M528,ReM/mfrk,14,ReM,M528-N0.txt
M529,ReM/mfrk,14,ReM,M529-N1.txt
M530,ReM/mfrk,14,ReM,M530-N1.txt
M531,ReM/mfrk,14,ReM,M531-N0.txt
M532,ReM/rhfrhess,14,ReM,M532-N0.txt
M533,ReM/rhfrhess,14,ReM,M533-N0.txt
M536,ReM/omd,14,ReM,M536-N0.txt
M537,ReM/omd,14,ReM,M537-N0.txt
M538,ReM/omd,14,ReM,M538-N0.txt
M539,ReM/ofrk,14,ReM,M539-N0.txt
M540,ReM/ofrk,14,ReM,M540-N0.txt
M541B,ReM/thurhess,14,ReM,M541B-N.txt
M541H,ReM/thurhess,14,ReM,M541H1-N.txt
M541H,ReM/thurhess,14,ReM,M541H2-N.txt
M541S,ReM/rhfrhess,14,ReM,M541S-N.txt
M543,ReM/wmd,13,ReM,M543-N1.txt
M544,ReM/?,?,ReM,M544-N1.txt
M545,ReM/mfrk,14,ReM,M545-N1.txt
M546,ReM/md,13,ReM,M546-N1.txt
M547,ReM/mfrk,14,ReM,M547-N.txt
F001,ReF/mittelbairisch,14,ReF,F001.txt
F002,ReF/nordbairisch,14,ReF,F002.txt
F004,ReF/nordbairisch,15,ReF,F004.txt
F005,ReF/nordbairisch,15,ReF,F005.txt
F007,ReF/nordbairisch,15,ReF,F007.txt
F008,ReF/nordbairisch,15,ReF,F008.txt
F010,ReF/nordbairisch,15,ReF,F010.txt
F011,ReF/nordbairisch,15,ReF,F011.txt
F014,ReF/nordbairisch,16,ReF,F014.txt
F015,ReF/nordbairisch,16,ReF,F015.txt
F016,ReF/nordbairisch,16,ReF,F016.txt
F018,ReF/nordbairisch,16,ReF,F018.txt
F019,ReF/mittelbairisch,14,ReF,F019.txt
F021,ReF/mittelbairisch,14,ReF,F021.txt
F022,ReF/mittelbairisch,15,ReF,F022.txt
F024,ReF/mittelbairisch,15,ReF,F024.txt
F025,ReF/mittelbairisch,15,ReF,F025.txt
F027,ReF/mittelbairisch,15,ReF,F027.txt
F028,ReF/mittelbairisch,15,ReF,F028.txt
F029,ReF/mittelbairisch,15,ReF,F029.txt
F032,ReF/mittelbairisch,16,ReF,F032.txt
F033,ReF/mittelbairisch,16,ReF,F033.txt
F034,ReF/mittelbairisch,16,ReF,F034.txt
F036,ReF/mittelbairisch,16,ReF,F036.txt
F037,ReF/restbairisch,16,ReF,F037.txt
F038,ReF/restbairisch,16,ReF,F038.txt
F040,ReF/südbairisch,14,ReF,F040.txt
F045,ReF/südbairisch,15,ReF,F045.txt
F046,ReF/südbairisch,15,ReF,F046.txt
F048,ReF/südbairisch,15,ReF,F048.txt
F052,ReF/südbairisch,16,ReF,F052.txt
F054,ReF/südbairisch,16,ReF,F054.txt
F056,ReF/südbairisch,16,ReF,F056.txt
F057,ReF/südbairisch,16,ReF,F057.txt
F058,ReF/südbairisch,16,ReF,F058.txt
F059,ReF/südbairisch,16,ReF,F059.txt
F061,ReF/gesamtbairisch,17,ReF,F061.txt
F062,ReF/gesamtbairisch,17,ReF,F062.txt
F064,ReF/oberrheinisch,14,ReF,F064.txt
F065,ReF/oberrheinisch,14,ReF,F065.txt
F067,ReF/oberrheinisch,15,ReF,F067.txt
F069,ReF/oberrheinisch,15,ReF,F069.txt
F070,ReF/oberrheinisch,15,ReF,F070.txt
F071,ReF/oberrheinisch,15,ReF,F071.txt
F073,ReF/oberrheinisch,15,ReF,F073.txt
F074,ReF/oberrheinisch,15,ReF,F074.txt
F077,ReF/oberrheinisch,16,ReF,F077.txt
F078,ReF/oberrheinisch,16,ReF,F078.txt
F079,ReF/oberrheinisch,16,ReF,F079.txt
F080,ReF/oberrheinisch,16,ReF,F080.txt
F081,ReF/oberrheinisch,16,ReF,F081.txt
F082,ReF/oberrheinisch,16,ReF,F082.txt
F084,ReF/oberrheinisch,16,ReF,F084.txt
F086,ReF/oberrheinisch,17,ReF,F086.txt
F087,ReF/oberrheinisch,17,ReF,F087.txt
F088,ReF/hochalemannisch,14,ReF,F088.txt
F089,ReF/hochalemannisch,14,ReF,F089.txt
F091,ReF/hochalemannisch,15,ReF,F091.txt
F092,ReF/hochalemannisch,15,ReF,F092.txt
F094,ReF/hochalemannisch,15,ReF,F094.txt
F096,ReF/hochalemannisch,15,ReF,F096.txt
F099,ReF/hochalemannisch,15,ReF,F099.txt
F101,ReF/hochalemannisch,16,ReF,F101.txt
F102,ReF/hochalemannisch,16,ReF,F102.txt
F103,ReF/hochalemannisch,16,ReF,F103.txt
F105,ReF/hochalemannisch,16,ReF,F105.txt
F106,ReF/hochalemannisch,16,ReF,F106.txt
F108,ReF/hochalemannisch,16,ReF,F108.txt
F110,ReF/hochalemannisch,17,ReF,F110.txt
F111,ReF/hochalemannisch,17,ReF,F111.txt
F112,ReF/schwäbisch,14,ReF,F112.txt
F113,ReF/schwäbisch,14,ReF,F113.txt
F115,ReF/schwäbisch,15,ReF,F115.txt
F116,ReF/schwäbisch,15,ReF,F116.txt
F118,ReF/schwäbisch,15,ReF,F118.txt
F120,ReF/schwäbisch,15,ReF,F120.txt
F121,ReF/schwäbisch,15,ReF,F121.txt
F123,ReF/schwäbisch,15,ReF,F123.txt
F124,ReF/schwäbisch,16,ReF,F124.txt
F126,ReF/schwäbisch,16,ReF,F126.txt
F128,ReF/schwäbisch,16,ReF,F128.txt
F129,ReF/schwäbisch,16,ReF,F129.txt
F131,ReF/ostschwäbisch,14,ReF,F131.txt
F133,ReF/ostschwäbisch,14,ReF,F133.txt
F137,ReF/ostschwäbisch,15,ReF,F137.txt
F138,ReF/ostschwäbisch,15,ReF,F138.txt
F139,ReF/ostschwäbisch,15,ReF,F139.txt
F142,ReF/ostschwäbisch,16,ReF,F142.txt
F143,ReF/ostschwäbisch,16,ReF,F143.txt
F145,ReF/ostschwäbisch,16,ReF,F145.txt
F146,ReF/ostschwäbisch,16,ReF,F146.txt
F148,ReF/gesamtschwäbisch,16,ReF,F148.txt
F149,ReF/gesamtschwäbisch,16,ReF,F149.txt
F151,ReF/gesamtschwäbisch,17,ReF,F151.txt
F152,ReF/gesamtschwäbisch,17,ReF,F152.txt
F154,ReF/ripuarisch,14,ReF,F154.txt
F155,ReF/ripuarisch,14,ReF,F155.txt
F159,ReF/ripuarisch,15,ReF,F159.txt
F161,ReF/ripuarisch,15,ReF,F161.txt
F163,ReF/ripuarisch,15,ReF,F163.txt
F164,ReF/ripuarisch,15,ReF,F164.txt
F165,ReF/ripuarisch,15,ReF,F165.txt
F166,ReF/ripuarisch,16,ReF,F166.txt
F167,ReF/ripuarisch,16,ReF,F167.txt
F169,ReF/ripuarisch,16,ReF,F169.txt
F170,ReF/ripuarisch,16,ReF,F170.txt
F172,ReF/ripuarisch,16,ReF,F172.txt
F173,ReF/ripuarisch,16,ReF,F173.txt
F174,ReF/ripuarisch,16,ReF,F174.txt
F175,ReF/moselfränkisch,14,ReF,F175.txt
F181,ReF/moselfränkisch,15,ReF,F181.txt
F190,ReF/moselfränkisch,16,ReF,F190.txt
F192,ReF/moselfränkisch,16,ReF,F192.txt
F193,ReF/moselfränkisch,16,ReF,F193.txt
F194,ReF/moselfränkisch,16,ReF,F194.txt
F195,ReF/moselfränkisch,16,ReF,F195.txt
F201,ReF/hessisch,15,ReF,F201.txt
F202,ReF/hessisch,15,ReF,F202.txt
F203,ReF/hessisch,15,ReF,F203.txt
F205,ReF/hessisch,15,ReF,F205.txt
F206,ReF/hessisch,15,ReF,F206.txt
F210,ReF/hessisch,16,ReF,F210.txt
F211,ReF/hessisch,16,ReF,F211.txt
F212,ReF/hessisch,16,ReF,F212.txt
F215,ReF/südrheinfränkisch,14,ReF,F215.txt
F216,ReF/südrheinfränkisch,14,ReF,F216.txt
F218,ReF/südrheinfränkisch,15,ReF,F218.txt
F219,ReF/südrheinfränkisch,15,ReF,F219.txt
F220,ReF/südrheinfränkisch,15,ReF,F220.txt
F225,ReF/südrheinfränkisch,15,ReF,F225.txt
F228,ReF/südrheinfränkisch,16,ReF,F228.txt
F229,ReF/südrheinfränkisch,16,ReF,F229.txt
F232,ReF/hessisch-südrheinfränkisch,16,ReF,F232.txt
F234,ReF/hessisch-südrheinfränkisch,16,ReF,F234.txt
F235,ReF/westmitteldeutsch,17,ReF,F235.txt
F236,ReF/westmitteldeutsch,17,ReF,F236.txt
F237,ReF/westmitteldeutsch,17,ReF,F237.txt
F240,ReF/thüringisch,14,ReF,F240.txt
F241,ReF/thüringisch,15,ReF,F241.txt
F243,ReF/thüringisch,15,ReF,F243.txt
F245,ReF/thüringisch,15,ReF,F245.txt
F246,ReF/thüringisch,15,ReF,F246.txt
F248,ReF/thüringisch,15,ReF,F248.txt
F249,ReF/thüringisch,15,ReF,F249.txt
F251,ReF/thüringisch,16,ReF,F251.txt
F252,ReF/thüringisch,16,ReF,F252.txt
F253,ReF/thüringisch,16,ReF,F253.txt
F256,ReF/thüringisch,16,ReF,F256.txt
F258,ReF/thüringisch,16,ReF,F258.txt
F259,ReF/obersächsisch,14,ReF,F259.txt
F260,ReF/obersächsisch,14,ReF,F260.txt
F262,ReF/obersächsisch,15,ReF,F262.txt
F264,ReF/obersächsisch,15,ReF,F264.txt
F268,ReF/obersächsisch,15,ReF,F268.txt
F270,ReF/obersächsisch,15,ReF,F270.txt
F271,ReF/obersächsisch,16,ReF,F271.txt
F272,ReF/obersächsisch,16,ReF,F272.txt
F274,ReF/obersächsisch,16,ReF,F274.txt
F275,ReF/obersächsisch,16,ReF,F275.txt
F278,ReF/obersächsisch,16,ReF,F278.txt
F279,ReF/obersächsisch,16,ReF,F279.txt
F280,ReF/schlesisch,14,ReF,F280.txt
F281,ReF/schlesisch,14,ReF,F281.txt
F283,ReF/schlesisch,15,ReF,F283.txt
F286,ReF/schlesisch,15,ReF,F286.txt
F292,ReF/schlesisch,16,ReF,F292.txt
F293,ReF/schlesisch,16,ReF,F293.txt
F295,ReF/schlesisch,16,ReF,F295.txt
F296,ReF/schlesisch,16,ReF,F296.txt
F298,ReF/schlesisch,16,ReF,F298.txt
F300,ReF/schlesisch,16,ReF,F300.txt
F301,ReF/ostmitteldeutsch,17,ReF,F301.txt
F303,ReF/ostmitteldeutsch,17,ReF,F303.txt
F304,ReF/-,14,ReF,F304.txt
F306,ReF/-,14,ReF,F306.txt
F308,ReF/-,15,ReF,F308.txt
F309,ReF/-,15,ReF,F309.txt
F310,ReF/-,15,ReF,F310.txt
F312,ReF/-,15,ReF,F312.txt
F313,ReF/-,15,ReF,F313.txt
F315,ReF/-,15,ReF,F315.txt
F317,ReF/-,16,ReF,F317.txt
F319,ReF/-,16,ReF,F319.txt
F321,ReF/-,16,ReF,F321.txt
F322,ReF/-,16,ReF,F322.txt
F324,ReF/-,16,ReF,F324.txt
F326,ReF/-,17,ReF,F326.txt
F327,ReF/-,17,ReF,F327.txt
F329,ReF/-,14,ReF,F329.txt
F332,ReF/-,15,ReF,F332.txt
Agneta_Willeken,ReN/nordniedersaechsisch,16,ReN,Agneta_Willeken.txt
Alexander_Helmst.,ReN/ostfaelisch,15,ReN,Alexander_Helmst..txt
Bamberg_1510,ReN/ostelbisch,16,ReN,Bamberg_1510.txt
Berl._Stb._1351-1400,ReN/suedmaerkisch,14,ReN,Berl._Stb._1351-1400.txt
Berl._Stb._1401-1450,ReN/suedmaerkisch,15,ReN,Berl._Stb._1401-1450.txt
Berl._Uk._1301-1350,ReN/suedmaerkisch,14,ReN,Berl._Uk._1301-1350.txt
Berl._Uk._1351-1400,ReN/suedmaerkisch,14,ReN,Berl._Uk._1351-1400.txt
Berl._Uk._1401-1450,ReN/suedmaerkisch,15,ReN,Berl._Uk._1401-1450.txt
Berl._Uk._1451-1500,ReN/suedmaerkisch,15,ReN,Berl._Uk._1451-1500.txt
Bilderhs._Hamb._StR,ReN/nordniedersaechsisch,15,ReN,Bilderhs._Hamb._StR.txt
Blankenb._Urk._1290,ReN/ostfaelisch,13,ReN,Blankenb._Urk._1290.txt
Bord._Marien-Kl.,ReN/nordniedersaechsisch,15,ReN,Bord._Marien-Kl..txt
Bote_SchichtB,ReN/ostfaelisch,16,ReN,Bote_SchichtB.txt
Brandan_Helmst.,ReN/ostfaelisch,15,ReN,Brandan_Helmst..txt
Brem._Chr._1583,ReN/nordniedersaechsisch,16,ReN,Brem._Chr._1583.txt
Brem._Ssp.,ReN/nordniedersaechsisch,14,ReN,Brem._Ssp..txt
"Brem._StR_1303,04_Abschrift",ReN/nordniedersaechsisch,14,ReN,"Brem._StR_1303,04_Abschrift.txt"
"Brem._StR_1303,04_Originalhandschrift",ReN/nordniedersaechsisch,14,ReN,"Brem._StR_1303,04_Originalhandschrift.txt"
Brem._Sächs._Wchr.,ReN/nordniedersaechsisch,14,ReN,Brem._Sächs._Wchr..txt
Brem._Uk._1301-1350,ReN/nordniedersaechsisch,14,ReN,Brem._Uk._1301-1350.txt
Brem._Uk._1351-1400,ReN/nordniedersaechsisch,14,ReN,Brem._Uk._1351-1400.txt
Brem._Uk._1401-1450,ReN/nordniedersaechsisch,15,ReN,Brem._Uk._1401-1450.txt
Brem._Uk._1451-1500,ReN/nordniedersaechsisch,15,ReN,Brem._Uk._1451-1500.txt
Brs._Best._Ius_O._1265,ReN/ostfaelisch,13,ReN,Brs._Best._Ius_O._1265.txt
"Brs._Dud._1279a,b",ReN/ostfaelisch,13,ReN,"Brs._Dud._1279a,b.txt"
Brs._Ius_Otton._1227,ReN/ostfaelisch,13,ReN,Brs._Ius_Otton._1227.txt
Brs._Ssp._Frag.,ReN/ostfaelisch,14,ReN,Brs._Ssp._Frag..txt
Brs._Uk._1301-1350,ReN/ostfaelisch,14,ReN,Brs._Uk._1301-1350.txt
Brs._Uk._1351-1400,ReN/ostfaelisch,14,ReN,Brs._Uk._1351-1400.txt
Brs._Uk._1401-1450,ReN/ostfaelisch,15,ReN,Brs._Uk._1401-1450.txt
Brs._Uk._1451-1500,ReN/ostfaelisch,15,ReN,Brs._Uk._1451-1500.txt
Brs._Ält._DegB_Altst._I,ReN/ostfaelisch,13,ReN,Brs._Ält._DegB_Altst._I.txt
Brs._Ält._DegB_Altst._II,ReN/ostfaelisch,14,ReN,Brs._Ält._DegB_Altst._II.txt
Buschm._Mirakel_Greifsw.,ReN/niederrheinisch,15,ReN,Buschm._Mirakel_Greifsw..txt
Buschm._Mirakel_Wolf.,ReN/ostfaelisch,15,ReN,Buschm._Mirakel_Wolf..txt
Buxteh._Ev.,ReN/nordniedersaechsisch,15,ReN,Buxteh._Ev..txt
Chr._Wass._Duisburg,ReN/niederrheinisch,16,ReN,Chr._Wass._Duisburg.txt
Cincinnius_Liudger_1512,ReN/westfaelisch,16,ReN,Cincinnius_Liudger_1512.txt
Cincinnius_Nieder._1539,ReN/westfaelisch,16,ReN,Cincinnius_Nieder._1539.txt
Cron._Sassen_1492,ReN/ostfaelisch,15,ReN,Cron._Sassen_1492.txt
Dat_myrren_bund.,ReN/westfaelisch,15,ReN,Dat_myrren_bund..txt
Dieb_v._Br._Stockh._Hs.,ReN/ostelbisch,15,ReN,Dieb_v._Br._Stockh._Hs..txt
Emmerich._SüsternB.,ReN/niederrheinisch,16,ReN,Emmerich._SüsternB..txt
Engelh._Chr._1435,ReN/ostfaelisch,15,ReN,Engelh._Chr._1435.txt
Flos_u._Bl._Helmst.,ReN/ostfaelisch,15,ReN,Flos_u._Bl._Helmst..txt
Flos_u._Bl._Stockh._Hs.,ReN/ostelbisch,15,ReN,Flos_u._Bl._Stockh._Hs..txt
Gand._Reimchr.,ReN/ostfaelisch,15,ReN,Gand._Reimchr..txt
Gerson_Monotess._Bielefeld,ReN/westfaelisch,15,ReN,Gerson_Monotess._Bielefeld.txt
Gos._StR_Ratscod._1350,ReN/ostfaelisch,14,ReN,Gos._StR_Ratscod._1350.txt
Goslar_Br._Gottschalk,ReN/ostfaelisch,16,ReN,Goslar_Br._Gottschalk.txt
Goslar_KramerR_1281,ReN/ostfaelisch,13,ReN,Goslar_KramerR_1281.txt
Greifsw._Bürgerspr._1451,ReN/ostelbisch,15,ReN,Greifsw._Bürgerspr._1451.txt
Griseldis,ReN/nordniedersaechsisch,16,ReN,Griseldis.txt
Gött._LiebesBr.,ReN/ostfaelisch,15,ReN,Gött._LiebesBr..txt
H._Bote_Boek_rade_1493,ReN/luebisch,15,ReN,H._Bote_Boek_rade_1493.txt
"Halberst._Bibel_1522,_1._Mose_Kap._1_V._1_bis_Römer_Kap._7_V._12",ReN/ostfaelisch,16,ReN,"Halberst._Bibel_1522,_1._Mose_Kap._1_V._1_bis_Römer_Kap._7_V._12.txt"
Hamb._SchiffsR,ReN/nordniedersaechsisch,14,ReN,Hamb._SchiffsR.txt
Hamb._StR,ReN/nordniedersaechsisch,14,ReN,Hamb._StR.txt
Hamb._Uk._1301-1350,ReN/nordniedersaechsisch,14,ReN,Hamb._Uk._1301-1350.txt
Hamb._Uk._1351-1400,ReN/nordniedersaechsisch,14,ReN,Hamb._Uk._1351-1400.txt
Hamb._Uk._1401-1450,ReN/nordniedersaechsisch,15,ReN,Hamb._Uk._1401-1450.txt
Hamb._Uk._1451-1500,ReN/nordniedersaechsisch,15,ReN,Hamb._Uk._1451-1500.txt
Herford_Rechtsbuch_1375,ReN/westfaelisch,14,ReN,Herford_Rechtsbuch_1375.txt
Hild._Veck._Briefe,ReN/luebisch,15,ReN,Hild._Veck._Briefe.txt
Hildesh._MünzV_1300,ReN/ostfaelisch,13,ReN,Hildesh._MünzV_1300.txt
Hildesh._StR_1300,ReN/ostfaelisch,13,ReN,Hildesh._StR_1300.txt
Kortw._Hist._Laurin,ReN/nordniedersaechsisch,16,ReN,Kortw._Hist._Laurin.txt
Kortw._Hist._Sifrit,ReN/nordniedersaechsisch,16,ReN,Kortw._Hist._Sifrit.txt
Kortw._Hist._Sigenot,ReN/nordniedersaechsisch,16,ReN,Kortw._Hist._Sigenot.txt
"Kölner_Bibel_Ku_1478,79",ReN/westfaelisch,15,ReN,"Kölner_Bibel_Ku_1478,79.txt"
Lauremberg_1652,ReN/ostelbisch,17,ReN,Lauremberg_1652.txt
Lud._Sudh._Hs._Ms,ReN/westfaelisch,15,ReN,Lud._Sudh._Hs._Ms.txt
Lüb._Bibel_1494,ReN/luebisch,15,ReN,Lüb._Bibel_1494.txt
Lüb._Birg._Openb._1496,ReN/luebisch,15,ReN,Lüb._Birg._Openb._1496.txt
Lüb._Brant_NarrenS_1497,ReN/luebisch,15,ReN,Lüb._Brant_NarrenS_1497.txt
Lüb._Bug._Bibel_1534,ReN/luebisch,16,ReN,Lüb._Bug._Bibel_1534.txt
Lüb._Chr._Bard.,ReN/luebisch,13,ReN,Lüb._Chr._Bard..txt
Lüb._Dod._Dantz_1489,ReN/luebisch,15,ReN,Lüb._Dod._Dantz_1489.txt
Lüb._Henselyn_1498,ReN/luebisch,15,ReN,Lüb._Henselyn_1498.txt
Lüb._HistB._L,ReN/luebisch,15,ReN,Lüb._HistB._L.txt
Lüb._Jüt._LB_1485,ReN/luebisch,15,ReN,Lüb._Jüt._LB_1485.txt
Lüb._NdStB,ReN/luebisch,15,ReN,Lüb._NdStB.txt
Lüb._Passional_1488,ReN/luebisch,15,ReN,Lüb._Passional_1488.txt
Lüb._Psalter_1473,ReN/luebisch,15,ReN,Lüb._Psalter_1473.txt
Lüb._Reynke_1498,ReN/luebisch,15,ReN,Lüb._Reynke_1498.txt
Lüb._SaxoGr._1490,ReN/luebisch,15,ReN,Lüb._SaxoGr._1490.txt
Lüb._SchachB._1499,ReN/luebisch,15,ReN,Lüb._SchachB._1499.txt
Lüb._SchiffsR._Cop._Bard.,ReN/luebisch,13,ReN,Lüb._SchiffsR._Cop._Bard..txt
Lüb._Sp._Leyen_1496,ReN/luebisch,15,ReN,Lüb._Sp._Leyen_1496.txt
Lüb._Uk._1301-1350,ReN/luebisch,14,ReN,Lüb._Uk._1301-1350.txt
Lüb._Uk._1351-1400,ReN/luebisch,14,ReN,Lüb._Uk._1351-1400.txt
Lüb._Uk._1401-1450,ReN/luebisch,15,ReN,Lüb._Uk._1401-1450.txt
Lüb._Uk._1451-1500,ReN/luebisch,15,ReN,Lüb._Uk._1451-1500.txt
Lüneb._Lib._mem.,ReN/nordniedersaechsisch,16,ReN,Lüneb._Lib._mem..txt
Mag._MünzV_1294,ReN/elbostfaelisch,13,ReN,Mag._MünzV_1294.txt
Mag._Prosa-Äsop_1492,ReN/elbostfaelisch,15,ReN,Mag._Prosa-Äsop_1492.txt
Mag._Uk._1301-1350,ReN/elbostfaelisch,14,ReN,Mag._Uk._1301-1350.txt
Mag._Uk._1351-1400,ReN/elbostfaelisch,14,ReN,Mag._Uk._1351-1400.txt
Mag._Uk._1451-1500,ReN/elbostfaelisch,15,ReN,Mag._Uk._1451-1500.txt
Mandeville_15._Jh.,ReN/nordniedersaechsisch,15,ReN,Mandeville_15._Jh..txt
Medingen,ReN/nordniedersaechsisch,15,ReN,Medingen.txt
Mst._Uk._1301-1350,ReN/westfaelisch,14,ReN,Mst._Uk._1301-1350.txt
Mst._Uk._1351-1400,ReN/westfaelisch,14,ReN,Mst._Uk._1351-1400.txt
Mst._Uk._1401-1450,ReN/westfaelisch,15,ReN,Mst._Uk._1401-1450.txt
Mst._Uk._1451-1500,ReN/westfaelisch,15,ReN,Mst._Uk._1451-1500.txt
Märk._Hochzeitsgedicht,ReN/suedmaerkisch,17,ReN,Märk._Hochzeitsgedicht.txt
Münster_Veghe-Aut.,ReN/westfaelisch,15,ReN,Münster_Veghe-Aut..txt
Nd._Apok._Tf.,ReN/westfaelisch,14,ReN,Nd._Apok._Tf..txt
Nowg._Schra_Rig.,ReN/baltisch,13,ReN,Nowg._Schra_Rig..txt
Nr._MoralB._Bestiaire,ReN/niederrheinisch,13,ReN,Nr._MoralB._Bestiaire.txt
Nr._MoralB._Dogma,ReN/niederrheinisch,13,ReN,Nr._MoralB._Dogma.txt
Nr._MoralB._Spr.,ReN/niederrheinisch,13,ReN,Nr._MoralB._Spr..txt
Oldb._Ssp.,ReN/nordniedersaechsisch,14,ReN,Oldb._Ssp..txt
Oldb._Uk._1301-1350,ReN/nordniedersaechsisch,14,ReN,Oldb._Uk._1301-1350.txt
Oldb._Uk._1351-1400,ReN/nordniedersaechsisch,14,ReN,Oldb._Uk._1351-1400.txt
Oldb._Uk._1401-1450,ReN/nordniedersaechsisch,15,ReN,Oldb._Uk._1401-1450.txt
Oldb._Uk._1451-1500,ReN/nordniedersaechsisch,15,ReN,Oldb._Uk._1451-1500.txt
Osn._Sühne_1288,ReN/westfaelisch,13,ReN,Osn._Sühne_1288.txt
Rav._Urk._1292,ReN/westfaelisch,13,ReN,Rav._Urk._1292.txt
Redent._Osp.,ReN/luebisch,15,ReN,Redent._Osp..txt
Reinke_de_Vos_1539,ReN/ostelbisch,16,ReN,Reinke_de_Vos_1539.txt
Reval_Schragen_1351-1500,ReN/baltisch,14,ReN,Reval_Schragen_1351-1500.txt
Reval_Schragen_1401-1450,ReN/baltisch,15,ReN,Reval_Schragen_1401-1450.txt
Reval_Schragen_1451-1500,ReN/baltisch,15,ReN,Reval_Schragen_1451-1500.txt
Reval_Schragen_1501-1550,ReN/baltisch,16,ReN,Reval_Schragen_1501-1550.txt
Reval_Tot.,ReN/baltisch,15,ReN,Reval_Tot..txt
Rig._Uk._1300-1350,ReN/baltisch,14,ReN,Rig._Uk._1300-1350.txt
Rig._Uk._1351-1400,ReN/baltisch,14,ReN,Rig._Uk._1351-1400.txt
Rig._Uk._1401-1450,ReN/baltisch,15,ReN,Rig._Uk._1401-1450.txt
Rig._Uk._1451-1500,ReN/baltisch,15,ReN,Rig._Uk._1451-1500.txt
Rossiliun_Frag.,ReN/ostfaelisch,14,ReN,Rossiliun_Frag..txt
Rost._Bürgerspr._1580,ReN/ostelbisch,16,ReN,Rost._Bürgerspr._1580.txt
Rostocker_Liederbuch,ReN/?,?,ReN,Rostocker_Liederbuch.txt
Rüthen_StatutR_Hs._L,ReN/westfaelisch,13,ReN,Rüthen_StatutR_Hs._L.txt
Schapherders_Kalender,ReN/ostelbisch,16,ReN,Schapherders_Kalender.txt
Schwer._Stb._1401-1450,ReN/ostelbisch,15,ReN,Schwer._Stb._1401-1450.txt
Schwer._Stb._1451-1500,ReN/ostelbisch,15,ReN,Schwer._Stb._1451-1500.txt
SchöffB._Aken,ReN/elbostfaelisch,13,ReN,SchöffB._Aken.txt
SchöffB._Halle,ReN/elbostfaelisch,13,ReN,SchöffB._Halle.txt
Seekarte_1577,ReN/nordniedersaechsisch,16,ReN,Seekarte_1577.txt
Soest_Schrae_1367,ReN/westfaelisch,14,ReN,Soest_Schrae_1367.txt
Ssp._Berlin_Fragm._22,ReN/elbostfaelisch,13,ReN,Ssp._Berlin_Fragm._22.txt
Ssp._Berlin_mgf_750,ReN/elbostfaelisch,13,ReN,Ssp._Berlin_mgf_750.txt
Stader_StR,ReN/nordniedersaechsisch,13,ReN,Stader_StR.txt
Strals._Frieden,ReN/ostelbisch,14,ReN,Strals._Frieden.txt
Strals._Uk._1301-1350,ReN/ostelbisch,14,ReN,Strals._Uk._1301-1350.txt
Strals._Uk._1351-1400,ReN/ostelbisch,14,ReN,Strals._Uk._1351-1400.txt
Strals._Uk._1401-1450,ReN/ostelbisch,15,ReN,Strals._Uk._1401-1450.txt
Strals._Uk._1451-1500,ReN/ostelbisch,15,ReN,Strals._Uk._1451-1500.txt
Tew._Hocht._1640,ReN/nordniedersaechsisch,17,ReN,Tew._Hocht._1640.txt
Theophilus_Helmst.,ReN/ostfaelisch,15,ReN,Theophilus_Helmst..txt
Theophilus_Trier,ReN/niederrheinisch,15,ReN,Theophilus_Trier.txt
Val._u._Nam._Stockh._Hs.,ReN/ostelbisch,15,ReN,Val._u._Nam._Stockh._Hs..txt
Veer_Koeplude,ReN/nordniedersaechsisch,16,ReN,Veer_Koeplude.txt
Veghe_Predigten_1492,ReN/westfaelisch,15,ReN,Veghe_Predigten_1492.txt
Verl._Sohn_1527,ReN/baltisch,16,ReN,Verl._Sohn_1527.txt
Verl._Sohn_Stockh._Hs.,ReN/ostelbisch,15,ReN,Verl._Sohn_Stockh._Hs..txt
Vespucci_Nygen_ins._1506,ReN/elbostfaelisch,16,ReN,Vespucci_Nygen_ins._1506.txt
Werl._Urk._Neheim_1294,ReN/westfaelisch,13,ReN,Werl._Urk._Neheim_1294.txt
Wunstorf_Urk._1290,ReN/ostfaelisch,14,ReN,Wunstorf_Urk._1290.txt
Zeno_Helmst.,ReN/ostfaelisch,15,ReN,Zeno_Helmst..txt
AB,LeA/ahd,OldGerman,LeA,AB.txt
AG,LeA/ahd,OldGerman,LeA,AG.txt
AGB,LeA/ahd,OldGerman,LeA,AGB.txt
AN,LeA/ahd,OldGerman,LeA,AN.txt
AnfP01,LeA/ahd,OldGerman,LeA,AnfP01.txt
AnfP02,LeA/ahd,OldGerman,LeA,AnfP02.txt
AnfP03,LeA/ahd,OldGerman,LeA,AnfP03.txt
AnfP18,LeA/ahd,OldGerman,LeA,AnfP18.txt
AnfP53,LeA/ahd,OldGerman,LeA,AnfP53.txt
AnfP54,LeA/ahd,OldGerman,LeA,AnfP54.txt
AnfP55,LeA/ahd,OldGerman,LeA,AnfP55.txt
AnfP56,LeA/ahd,OldGerman,LeA,AnfP56.txt
AnfP57,LeA/ahd,OldGerman,LeA,AnfP57.txt
AnfP58,LeA/ahd,OldGerman,LeA,AnfP58.txt
AnfP59,LeA/ahd,OldGerman,LeA,AnfP59.txt
AnfP60,LeA/ahd,OldGerman,LeA,AnfP60.txt
AnfP61,LeA/ahd,OldGerman,LeA,AnfP61.txt
AnfP62,LeA/ahd,OldGerman,LeA,AnfP62.txt
AnfP63,LeA/ahd,OldGerman,LeA,AnfP63.txt
AnfP64,LeA/ahd,OldGerman,LeA,AnfP64.txt
AnfP65,LeA/ahd,OldGerman,LeA,AnfP65.txt
AnfP66,LeA/ahd,OldGerman,LeA,AnfP66.txt
AnfP67,LeA/ahd,OldGerman,LeA,AnfP67.txt
AnfP68,LeA/ahd,OldGerman,LeA,AnfP68.txt
AnfP69,LeA/ahd,OldGerman,LeA,AnfP69.txt
AnfP70,LeA/ahd,OldGerman,LeA,AnfP70.txt
AnfP71,LeA/ahd,OldGerman,LeA,AnfP71.txt
AnfP72,LeA/ahd,OldGerman,LeA,AnfP72.txt
AnfP73,LeA/ahd,OldGerman,LeA,AnfP73.txt
APB,LeA/ahd,OldGerman,LeA,APB.txt
APh,LeA/ahd,OldGerman,LeA,APh.txt
APs,LeA/ahd,OldGerman,LeA,APs.txt
ASB,LeA/ahd,OldGerman,LeA,ASB.txt
B,LeA/ahd,OldGerman,LeA,B.txt
BamGB,LeA/ahd,OldGerman,LeA,BamGB.txt
BB,LeA/ahd,OldGerman,LeA,BB.txt
BBS,LeA/ahd,OldGerman,LeA,BBS.txt
BGa,LeA/ahd,OldGerman,LeA,BGa.txt
BGb,LeA/ahd,OldGerman,LeA,BGb.txt
BGB3,LeA/ahd,OldGerman,LeA,BGB3.txt
BH,LeA/ahd,OldGerman,LeA,BH.txt
BI,LeA/ahd,OldGerman,LeA,BI.txt
BLV,LeA/ahd,OldGerman,LeA,BLV.txt
Boeth,LeA/ahd,OldGerman,LeA,Boeth.txt
BR1,LeA/ahd,OldGerman,LeA,BR1.txt
BR2,LeA/ahd,OldGerman,LeA,BR2.txt
BU,LeA/ahd,OldGerman,LeA,BU.txt
C,LeA/ahd,OldGerman,LeA,C.txt
Ch,LeA/ahd,OldGerman,LeA,Ch.txt
CM,LeA/ahd,OldGerman,LeA,CM.txt
CV,LeA/ahd,OldGerman,LeA,CV.txt
DD,LeA/ahd,OldGerman,LeA,DD.txt
DH,LeA/ahd,OldGerman,LeA,DH.txt
E,LeA/ahd,OldGerman,LeA,E.txt
EH,LeA/ahd,OldGerman,LeA,EH.txt
EV,LeA/ahd,OldGerman,LeA,EV.txt
FB,LeA/ahd,OldGerman,LeA,FB.txt
FF,LeA/ahd,OldGerman,LeA,FF.txt
FG,LeA/ahd,OldGerman,LeA,FG.txt
FH,LeA/ahd,OldGerman,LeA,FH.txt
FP1,LeA/ahd,OldGerman,LeA,FP1.txt
FP2,LeA/ahd,OldGerman,LeA,FP2.txt
FT,LeA/ahd,OldGerman,LeA,FT.txt
G,LeA/ahd,OldGerman,LeA,G.txt
GA,LeA/ahd,OldGerman,LeA,GA.txt
GB,LeA/ahd,OldGerman,LeA,GB.txt
GBr,LeA/ahd,OldGerman,LeA,GBr.txt
GC,LeA/ahd,OldGerman,LeA,GC.txt
genest,LeA/ahd,OldGerman,LeA,genest.txt
GGB1,LeA/ahd,OldGerman,LeA,GGB1.txt
GGB3,LeA/ahd,OldGerman,LeA,GGB3.txt
GP,LeA/ahd,OldGerman,LeA,GP.txt
GPr,LeA/ahd,OldGerman,LeA,GPr.txt
GR,LeA/ahd,OldGerman,LeA,GR.txt
GSch,LeA/ahd,OldGerman,LeA,GSch.txt
GSp,LeA/ahd,OldGerman,LeA,GSp.txt
GV1,LeA/ahd,OldGerman,LeA,GV1.txt
GV2,LeA/ahd,OldGerman,LeA,GV2.txt
H,LeA/ahd,OldGerman,LeA,H.txt
HB,LeA/ahd,OldGerman,LeA,HB.txt
Hel,LeA/ahd,OldGerman,LeA,Hel.txt
HH,LeA/ahd,OldGerman,LeA,HH.txt
HiH,LeA/ahd,OldGerman,LeA,HiH.txt
HM,LeA/ahd,OldGerman,LeA,HM.txt
I,LeA/ahd,OldGerman,LeA,I.txt
JB,LeA/ahd,OldGerman,LeA,JB.txt
KB,LeA/ahd,OldGerman,LeA,KB.txt
KI,LeA/ahd,OldGerman,LeA,KI.txt
KT,LeA/ahd,OldGerman,LeA,KT.txt
KV,LeA/ahd,OldGerman,LeA,KV.txt
L,LeA/ahd,OldGerman,LeA,L.txt
LB,LeA/ahd,OldGerman,LeA,LB.txt
LF,LeA/ahd,OldGerman,LeA,LF.txt
LS,LeA/ahd,OldGerman,LeA,LS.txt
M,LeA/ahd,OldGerman,LeA,M.txt
MA,LeA/ahd,OldGerman,LeA,MA.txt
Mart,LeA/ahd,OldGerman,LeA,Mart.txt
MB,LeA/ahd,OldGerman,LeA,MB.txt
MF,LeA/ahd,OldGerman,LeA,MF.txt
MH,LeA/ahd,OldGerman,LeA,MH.txt
MI,LeA/ahd,OldGerman,LeA,MI.txt
MM,LeA/ahd,OldGerman,LeA,MM.txt
MZ,LeA/ahd,OldGerman,LeA,MZ.txt
N,LeA/ahd,OldGerman,LeA,N.txt
O,LeA/ahd,OldGerman,LeA,O.txt
OG,LeA/ahd,OldGerman,LeA,OG.txt
P,LeA/ahd,OldGerman,LeA,P.txt
PBS,LeA/ahd,OldGerman,LeA,PBS.txt
PE,LeA/ahd,OldGerman,LeA,PE.txt
PfB,LeA/ahd,OldGerman,LeA,PfB.txt
PfS1,LeA/ahd,OldGerman,LeA,PfS1.txt
PfS2,LeA/ahd,OldGerman,LeA,PfS2.txt
PN,LeA/ahd,OldGerman,LeA,PN.txt
PPS,LeA/ahd,OldGerman,LeA,PPS.txt
Ps138,LeA/ahd,OldGerman,LeA,Ps138.txt
PWS1,LeA/ahd,OldGerman,LeA,PWS1.txt
PWS2,LeA/ahd,OldGerman,LeA,PWS2.txt
RB,LeA/ahd,OldGerman,LeA,RB.txt
RhC,LeA/ahd,OldGerman,LeA,RhC.txt
Rsp,LeA/ahd,OldGerman,LeA,Rsp.txt
SG,LeA/ahd,OldGerman,LeA,SG.txt
Sp,LeA/ahd,OldGerman,LeA,Sp.txt
ST,LeA/ahd,OldGerman,LeA,ST.txt
StB,LeA/ahd,OldGerman,LeA,StB.txt
StE,LeA/ahd,OldGerman,LeA,StE.txt
T,LeA/ahd,OldGerman,LeA,T.txt
TBS,LeA/ahd,OldGerman,LeA,TBS.txt
TC,LeA/ahd,OldGerman,LeA,TC.txt
TS,LeA/ahd,OldGerman,LeA,TS.txt
TV,LeA/ahd,OldGerman,LeA,TV.txt
W,LeA/ahd,OldGerman,LeA,W.txt
WB,LeA/ahd,OldGerman,LeA,WB.txt
WGB1,LeA/ahd,OldGerman,LeA,WGB1.txt
WH,LeA/ahd,OldGerman,LeA,WH.txt
WK,LeA/ahd,OldGerman,LeA,WK.txt
WM1,LeA/ahd,OldGerman,LeA,WM1.txt
WM2,LeA/ahd,OldGerman,LeA,WM2.txt
WS,LeA/ahd,OldGerman,LeA,WS.txt
